"n_sites","mean_time","sd_time","min_time","max_time"
5,23.9179003238678,0.776866084727931,23.1659710407257,24.7175071239471
10,23.7567133903503,1.18504826817099,22.5189440250397,24.8808550834656
25,23.7833123207092,0.666830484210432,23.2396559715271,24.5273599624634
50,23.3396399815877,1.2617478480335,21.8919379711151,24.2053599357605
